대섹터,세부섹터,대장주1,대장주2,대장주3,대장주4,대장주5,비고,종목,키워드
건설,데이터센터 건설,현대건설,GS건설,삼성물산,DL이앤씨,대우건설,AI DC·전력·냉각 클린룸 특수시공 수요 급증,,
건설,플랜트 EPC,현대엔지니어링,삼성엔지니어링,SK에코플랜트,포스코이앤씨,GS건설,LNG·수소·원전 플랜트 글로벌 수주 확대,,
건설,스마트팩토리 시공,현대건설,삼성물산,코오롱글로벌,한양,포스코이앤씨,반도체·배터리 클린룸 전문 EPC,,
건설,원전·에너지 건설,현대건설,GS건설,DL이앤씨,포스코이앤씨,한화건설,APR1400·SMR 해외수주 기대주,,
건설,친환경·리모델링,HDC현대산업개발,대림산업,쌍용건설,태영건설,한신공영,그린빌딩·리모델링 수요 증가,DL이앤씨|대우건설,종합상사|건설인프라
현대차,자동차 로봇,현대차,현대오토에버,현대글로비스,현대모비스,,현대 현대자동차,현대차|현대모비스|현대오토에버|현대글로비스|오텍|현대위아,현대|전기차부품|자동차부품
로봇,휴머노이드,레인보우로보틱스,두산로보틱스,로보티즈,현대차,뉴로메카,삼성전자 자회사(레인보우); 시총 빅3 고정,,휴머노이드
로봇,산업용 로봇(다관절),HD현대로보틱스,두산로보틱스,레인보우로보틱스,유일로보틱스,로보스타,제조·전자 조립 6축 암; 거래대금 최상위권,,산업용로봇
로봇,협동 로봇(코봇),두산로보틱스,뉴로메카,레인보우로보틱스,한화로보틱스,씨메스,코봇 국내 점유율 1위 두산로보틱스 중심,,협동로봇|코봇
로봇,AMR·물류 로봇,현대무벡스,클로봇,로보티즈,티로보틱스,유진로봇,AMR 물류 자동화 급성장; 현대무벡스 주목,,물류로봇|물류자동화
로봇,감속기·구동계,에스피지,에스비비테크,삼익THK,세진중공업,,감속기=로봇 원가 30%; 에스피지 대장,,감속기
로봇,로봇 비전·센서,고영테크놀러지,씨메스,뷰웍스,인텍플러스,,머신비전 AI 검사 시스템,,머신비전|로봇비전
로봇,의료·수술 로봇,큐렉소,고영테크놀러지,미래컴퍼니,엔도로보틱스,오스템임플란트,수술로봇·재활로봇 FDA승인 확대,원익홀딩스|레인보우로보틱스|휴림로봇|인화정공|전진건설로봇|나우로보틱스|TPC로보틱스|한라캐스트,AI로봇|로봇SI|로봇
AI인프라,AI 냉각(액침·수냉),LG전자,삼성전자,한국조선해양,세종공업,유니큐,Vertiv 벤치마킹; 국내 액침냉각 수혜주,,액침냉각|수냉
AI인프라,MLOps·AI플랫폼,네이버,카카오,삼성SDS,LG CNS,더존비즈온,SaaS형 AI 플랫폼 구독 모델,,SaaS|AI플랫폼
AI인프라,엣지 AI·온디바이스,삼성전자,LG전자,파두,가온칩스,,온디바이스 추론 NPU 수요 급증,,온디바이스|NPU|AI추론
ESS배터리,ESS 셀·팩,LG에너지솔루션,삼성SDI,SK온,에코프로비엠,포스코퓨처엠,유틸리티 ESS 수요 급증; LG엔솔 대장,,ESS
ESS배터리,BMS·PCS,LS일렉트릭,효성중공업,HD현대일렉트릭,필에너지,,배터리 관리·전력변환 핵심 시스템,,BMS|PCS
ESS배터리,ESS 통합·EPC,한화솔루션,OCI,현대건설,삼성엔지니어링,SK에코플랜트,대형 ESS EPC 수주 확대,,
ESS배터리,UPS·데이터센터 백업,LS일렉트릭,효성중공업,이엔테크놀로지,파워로직스,비나텍,DC 무정전전원; AI DC 필수 인프라,,UPS|무정전전원
2차전지,양극재(NMC·LFP),포스코퓨처엠,에코프로비엠,엘앤에프,코스모신소재,,양극재=2차전지 원가 40%; 포스코퓨처엠 대장,,양극재
2차전지,음극재(흑연·Si계),포스코퓨처엠,대주전자재료,GS에너지,한솔케미칼,에코프로,실리콘계 음극재 전환 핵심 기업,,음극재|실리콘음극재
2차전지,전해질·전해액,솔브레인,동화기업,천보,후성,이엔에프테크놀로지,전해액 국산화; LiPF6 첨가제 특화,,전해액|전해질
2차전지,분리막,SK아이이테크놀로지,더블유씨피,코스모화학,한솔케미칼,,코팅 분리막 기술력 국산화,,분리막
2차전지,전지 셀,LG에너지솔루션,삼성SDI,SK온,엔켐,,원통형(4680)·파우치·각형 셀 다변화,,
2차전지,배터리 재활용,성일하이텍,새빗켐,에코프로CnG,GS건설,,블랙매스→핵심광물 회수; IRA 수혜,,폐배터리|배터리재활용
2차전지,전구체(PCAM),포스코퓨처엠,에코프로,코스모신소재,엘앤에프,켐코,양극재 전 단계 핵심 소재,필에너지|씨아이에스,이차전지|이차전지부품
전력전기,초고압 변압기·GIS,HD현대일렉트릭,효성중공업,LS일렉트릭,일진전기,제룡전기,765kV·HVDC 수출 주도; 미국 그리드 수요,,변압기|전력기기
전력전기,HVDC(초고압 직류),LS일렉트릭,HD현대일렉트릭,효성중공업,대한전선,LS전선,장거리·해저 DC송전; 글로벌 그리드 확대,,HVDC|초고압
전력전기,스마트그리드·AMI,한전KDN,LS일렉트릭,누리플렉스,옴니시스템,피에스텍,양방향 전력망 지능화; AMI 교체 수요,,스마트그리드|AMI
전력전기,전력 반도체(SiC·GaN),삼성전자,SK키파운드리,DB하이텍,예스파워테크닉스,맵스,EV·인버터 고효율 스위칭소자,,전력반도체|SiC|GaN
