종목명,대섹터,세부섹터,비고
HLB,바이오,항암신약,<제안> 리보세라닙 FDA 실사 VAI 종결 — 확인 후 수정
HLB생명과학,바이오,항암신약,<제안> HLB 계열
HLB테라퓨틱스,바이오,항암신약,<제안> HLB 계열
HLB글로벌,바이오,항암신약,<제안> HLB 계열
HLB바이오스텝,바이오,항암신약,<제안> HLB 계열
삼천당제약,바이오,바이오시밀러,<제안> 경구용 바이오시밀러
디앤디파마텍,바이오,대사질환신약,<제안> 지방간 신약 2상
샌즈랩,정보보안,위협인텔리전스,<제안> AI 해킹 사태 보안주 — 대섹터명 바꿔도 됨
지니언스,정보보안,엔드포인트·NAC,<제안> 금융권 연쇄 해킹
에스투더블유,정보보안,다크웹 인텔리전스,<제안> AI 해킹 증가 기관 수요
파수AI,정보보안,데이터보안·DRM,<제안>
에스피소프트,정보보안,보안SW 유통,<제안> 보안주 테마 동반 급등
아톤,정보보안,인증·결제보안,<제안> 키워드 '정보보안' 은 잡히는데 섹터가 없어 미분류였음
한컴위드,정보보안,생체인증,<제안> AI 보안생체인증
케이씨에스,양자보안,양자암호칩,<제안> 양자암호·양자컴퓨팅 테마 — 기존 대섹터 사용
스피어,우주위성,위성부품,<제안> 우주기업 선별 투자 탑픽 — 기존 대섹터 사용
